Batch_size,Learning_rate,Loss,One_Epoch_Time
1,0.0002,3.264000893,44
2.0,0.0002,0.9604041576385498,24.0
4.0,0.0002,1.6164594888687134,15.0
8.0,0.0002,2.4938037395477295,11.0
