Num_Epoch, Learning_Rate,Loss_avr
5,0.0002,2.123
10,0.0002,2.107527401
20,0.0002,2.049004421
